,dies6_pooled,disw2_pooled
1,0.9417269542702662,0.8572230998270617
2,0.9381021193516534,0.8691275528228811
3,0.9381021193516534,0.8691275528228811
4,0.9381021193516534,0.8691275528228811
5,0.9350647755284673,0.8640201332269423
6,0.9350647755284673,0.8640201332269423
7,0.9350647755284673,0.8640201332269423
8,0.9350647755284673,0.8640201332269423
9,0.9273874736372696,0.8581607994572014
10,0.9234360131867863,0.8731017855641721
11,0.9234360131867863,0.8731017855641721
12,0.9209424767622459,0.871197001134622
13,0.92469510961669,0.8920706940986882
14,0.9326279682599535,0.9095342108993427
15,0.9384320751220115,0.9269237392220302
16,0.9384320751220115,0.9269237392220302
17,0.8960093481006228,0.8867111896064347
18,0.8960093481006228,0.8867111896064347
19,0.8960093481006228,0.8867111896064347
20,0.8826817275772335,0.8826611479036066
21,0.8685316799783185,0.8796208530537499
22,0.8478278054197071,0.8746772050799045
23,0.8411511096944395,0.8536833780306013
24,0.8112768726815194,0.8372585286919303
25,0.8330192498245039,0.8904163251823755
26,0.8333878643664484,0.8811765119610339
27,0.7953333074126635,0.8574554124193583
28,0.9042471194465863,0.9806650854808786
29,0.9042471194465863,0.9806650854808786
30,0.8879201653830232,0.939575367853573
31,0.9164083439879728,0.9841805950872339
32,0.9204599531920427,0.9746908013351439
33,0.9204599531920427,0.9746908013351439
34,0.9063314552710696,0.9590222710145875
35,0.9129761597029656,1.0085670839717942
36,0.9165244284887188,1.0468136134368449
37,0.9165244284887188,1.0468136134368449
38,0.8949340090475227,1.0025835651653254
39,0.9052598835175671,1.0132716253914382
40,0.8912147939922322,0.9733123685576518
41,0.8869976560976908,0.9622465836479747
42,0.8757381972041103,0.9422101900561356
43,0.8644230361833743,0.9109261867046899
44,0.8228015232931688,0.844662105275769
45,0.7994583587299828,0.7995681252661773
46,0.8378792802422139,0.8810914530017804
47,0.8873458673459054,0.9518619804815837
48,0.8873458673459054,0.9518619804815837
49,0.8873458673459054,0.9518619804815837
50,0.8873458673459054,0.9518619804815837
51,0.8873458673459054,0.9518619804815837
52,0.8873458673459054,0.9518619804815835
53,0.8983945692296078,0.9851868091226723
54,0.9031577013363707,1.0011162584877862
55,0.8221184168800358,0.9071904579751967
56,0.8151215543944182,0.9201875491983291
57,0.8070736908719719,0.9711341916659605
58,0.8070736908719719,0.9711341916659605
59,0.7951745472521266,0.9785665739277913
60,0.8101506569257486,1.0133692427153091
61,0.7736013211686175,0.9697943196283065
62,0.7706886579315805,0.9673656514578708
63,0.7988528612554749,1.0027712835985985
64,0.809077652472759,1.018728628909876
65,0.8247927744280574,1.0194341510003508
66,0.8194696188885334,0.9723552955418792
67,0.8240867588824756,0.9692521555884975
68,0.8570850847724495,1.0520338886937652
69,0.8570850847724495,1.0520338886937652
70,0.8759474914490516,1.0951690133873924
71,0.8755418898667837,1.1063415811181003
72,0.8962301725991156,1.1620526494152477
73,0.8962301725991156,1.1620526494152477
74,0.9229761990577998,1.2194333094676022
75,0.9241491598742315,1.228412602490225
76,0.8947799154513668,1.1990694061425866
77,0.8995900919739114,1.1970802588857978
78,0.9034142058526066,1.1957841001003504
79,0.9034142058526066,1.1957841001003504
80,0.9023468572835514,1.1914708764054243
81,0.9023468572835515,1.1914708764054243
82,0.9049080815369994,1.1978974752817293
83,0.9086591197961706,1.2110724390950711
84,0.9034570774197702,1.2045082007359547
85,0.9034570774197702,1.2045082007359547
86,0.9109671274627191,1.2116003778687432
87,0.9378893389771366,1.2081502431924311
88,0.9046289645396381,1.1568801857521445
89,0.9454431598282959,1.2214146865232847
90,0.966098941769931,1.276026651766079
91,0.966098941769931,1.276026651766079
92,1.0068940385898164,1.328403696791216
93,0.9738752353003076,1.2947150565351764
94,0.9716424198021875,1.3270196996406516
95,0.9503090895366438,1.3101173071136705
96,0.9427141727864637,1.3168890651595149
97,0.8954784728620377,1.3440435006857592
98,0.8776267582960489,1.3069097709595439
99,0.8776267582960489,1.3069097709595439
100,0.8776267582960489,1.3069097709595439
101,0.884848893736837,1.3190918294133145
102,0.8910790606167205,1.2976070214259388
103,0.8914027153890899,1.2601971807578798
104,0.8805070717351434,1.2178350302139929
105,0.8668024710338368,1.1674422978814396
106,0.8668024710338368,1.1674422978814396
107,0.8404320294966335,1.1764417939965792
108,0.8265113003151822,1.1863456787837277
109,0.8241071151189123,1.1853797869824483
110,0.8247300240856026,1.189811565237269
111,0.8247300240856026,1.189811565237269
112,0.8742487319897662,1.237095740464341
113,0.8742487319897662,1.237095740464341
114,0.893681854463764,1.2713503692352692
115,0.893681854463764,1.2713503692352692
116,0.8980532314890354,1.2922443533357162
117,0.9016992730212,1.309693606928514
118,0.920350464590143,1.369181144373694
119,0.9115273245759428,1.3455464083236814
120,0.9115273245759428,1.3455464083236814
121,0.9115273245759428,1.3455464083236814
122,0.8701890051648765,1.3064766031618795
123,0.8915646529372547,1.3232514733007363
124,0.8864162352978423,1.3047479866264091
125,0.881622749852449,1.3114713798108437
126,0.8719153257432526,1.2730899663381832
127,0.8962769759223171,1.2540531471805039
128,0.9020995841157469,1.2744053017819876
129,0.9020995841157469,1.2744053017819876
130,0.9134771250028799,1.2789984620605732
131,0.9134771250028799,1.2789984620605732
132,0.9081887793128879,1.2923644779770815
133,0.908441642183829,1.3171025376355385
134,0.9169429496026535,1.3498224078378882
135,0.9241294656304596,1.3803740433452234
136,0.9241294656304596,1.3803740433452234
137,0.922716341389289,1.3263240951565507
138,0.9388268072097724,1.3302375441546608
139,0.9414880598608325,1.3315866891616328
140,0.9414880598608325,1.3315866891616328
141,0.9750419790303174,1.3522200752404618
142,0.9324902590458878,1.3175422330688678
143,0.9278246727562924,1.319216582593308
144,0.9030320698720153,1.281067127297068
145,0.9044847417183975,1.2913582523543974
146,0.9008053242289328,1.2764073555300852
147,0.8961315963248903,1.252293585863249
148,0.9037419617780521,1.229267987297195
149,0.9015548006442717,1.2251112317715054
150,0.9015548006442717,1.2251112317715054
151,0.8652248027084234,1.202851996449247
152,0.8734618120054136,1.2102137753842968
153,0.859101412914301,1.196901192000564
154,0.8467953921778584,1.1540954202817897
155,0.8538911109069551,1.1192649467791587
156,0.8665378494717161,1.1643024057081117
157,0.8665378494717161,1.1643024057081117
158,0.859631394990293,1.162389382275546
159,0.905591183717555,1.1990575877282392
160,0.8866232532314358,1.184562561251846
161,0.903763898231314,1.206273711289327
162,0.9171272337930507,1.2201256024420573
163,0.9178187823546226,1.2199484467201467
164,0.9113893558828695,1.2117985486328322
165,0.9113893558828695,1.2117985486328322
166,0.9147172050345259,1.2115469269889576
167,0.9413794320697533,1.2761333239381443
168,0.9413794320697533,1.2761333239381443
169,0.9246522467058126,1.237143330909339
170,1.0070102204945555,1.2774363968142686
171,1.061785215457038,1.283868588397417
172,1.061785215457038,1.283868588397417
173,1.0836529011148854,1.278292247777415
174,1.1104924433841419,1.2901426887924659
175,1.1296805164707833,1.2860028031358872
176,1.1474273892023048,1.2772011778230747
177,1.1474273892023048,1.2772011778230747
178,1.110171801991494,1.217033805664442
179,1.110171801991494,1.217033805664442
180,1.110171801991494,1.217033805664442
181,1.2047457695443022,1.2987678865390282
182,1.2043097094228963,1.337621144147847
183,1.2028071516599153,1.3766425137588978
184,1.2497185009095981,1.419629213591166
185,1.2873468767533198,1.4597329863012358
186,1.296291341051076,1.5029981555781342
187,1.3064344899016054,1.536413955774771
188,1.3164541613423746,1.541343844153012
189,1.300553584963366,1.5296608357842607
190,1.2807932303164091,1.5080941762763553
191,1.2595334116533112,1.487142841815019
192,1.267644797599249,1.4999646644462141
193,1.26799801153959,1.500781310219712
194,1.3055986313980001,1.5382163401261058
195,1.3266477231566824,1.5628632872811659
196,1.3263551381166514,1.564692016408987
197,1.3302360320323934,1.5624805289928563
198,1.3302360320323934,1.5624805289928563
199,1.3527699733954606,1.5969952109457959
200,1.2827727809917537,1.5569090719121563
201,1.2338690488798514,1.5496003682905386
202,1.2338690488798514,1.5496003682905386
203,1.2288124167707464,1.5517594392129825
204,1.2419877410394744,1.5820685753291204
205,1.2781927874186552,1.627074943518642
206,1.2710591553382318,1.6141788376081583
207,1.2500579210890825,1.5860898525653446
208,1.297444462618212,1.6734476554426145
209,1.297444462618212,1.6734476554426145
210,1.1944154732660848,1.5447900340312097
211,1.1712483453978522,1.508348591514517
212,1.1342610663307728,1.4389797963694884
213,1.1323727514169153,1.4063938642689031
214,1.12195897034978,1.3889487629295316
215,1.112884713353293,1.378369897420086
216,1.1001532389472692,1.3460226493122358
217,1.0884486966775908,1.3122252876208715
218,1.090839002140197,1.3051566236141734
219,1.1022515651535003,1.3158414511129197
220,1.0958726988974847,1.3077028635996264
221,1.0909442624856267,1.293606601404267
222,1.0456894383658109,1.215755892368659
223,1.0456894383658109,1.215755892368659
224,0.9805212422400467,1.145810792205046
225,0.9137441118371069,1.0418849705173574
226,0.9137441118371069,1.0418849705173574
227,0.9048516190783146,1.0416681263861054
228,0.8666915343301161,0.9783810993690122
229,0.8445116211854197,0.9441566180915911
230,0.8635950460629701,0.9539528611721381
231,0.8409576828482535,0.9291933644093475
232,0.8737834331996759,0.9647470804331467
233,0.8629422733354387,0.952262054104519
234,0.8878997186391903,0.9833807183431869
235,0.8550516680146247,0.9507128063035456
236,0.8406324911712884,0.9429481526487854
237,0.8477616960081646,0.9503412742653194
238,0.8477616960081646,0.9503412742653194
239,0.8477616960081646,0.9503412742653194
240,0.8934432352539404,0.9889347035883753
241,0.8966198636103295,1.0053306189142734
242,0.895068364206371,0.9783185382604307
243,0.8833301273539128,0.9677630341578002
244,0.8742168690894669,0.9507134136799861
245,0.8683607064271642,0.9334482691931176
246,0.855189641622731,0.9057141757907314
247,0.850808206043519,0.9069915827497411
248,0.8363004451660436,0.893733315113189
249,0.7808401563822165,0.8245673900383389
250,0.7778923751313679,0.8163942565650995
251,0.8047616004090502,0.8580818604138482
252,0.8020535742429203,0.8669976016307017
253,0.8020535742429203,0.8669976016307017
254,0.8020535742429203,0.8669976016307017
255,0.8010877524110691,0.883854066958234
256,0.8010877524110691,0.883854066958234
257,0.7754483207679297,0.8675054597216545
258,0.7989329296853046,0.9122684045732802
259,0.8205724612541685,0.9507981620987984
260,0.8115042924870799,0.9405062713932416
261,0.8437576489321104,1.0204448973258613
262,0.7833893962382984,0.9675291485873594
263,0.7961192359519768,0.9890007723971184
264,0.7484800273253513,0.9271096834051966
265,0.7484800273253513,0.9271096834051966
266,0.7705389955083707,0.9460483269037337
267,0.8564020486555697,0.994048405959221
268,0.8564020486555697,0.994048405959221
269,0.8616642885078676,0.9887229346884675
270,0.9179968103133201,1.0316008144064635
271,0.9159170961402988,1.0111231852583475
272,0.9159170961402988,1.0111231852583475
273,0.9352937504846823,1.029549648417362
274,0.9357514532278304,1.059343838710593
275,0.9334860552736046,1.0731903776749296
276,0.9325774299134467,1.0822290991821937
277,0.9325774299134467,1.0822290991821937
278,0.9453117657609847,1.1166070926167375
279,0.9746134058170443,1.1577002288334868
280,0.9934952346041056,1.1940816059159194
281,0.9644805432643216,1.1598251726599087
282,0.974486608348418,1.1714978352728243
283,0.974486608348418,1.1714978352728243
284,0.9687078823902279,1.1752048571916092
285,0.9624240990929458,1.1695933216990964
286,0.9624240990929458,1.1695933216990964
287,1.0077547109901386,1.2127209450613041
288,1.020807187550424,1.2092141239459944
289,1.0368212651575204,1.218598348659183
290,1.0786044778655093,1.2548233760073808
291,1.1169104788341429,1.2629886770744345
292,1.1286253250494571,1.2732156392195282
293,1.0631522739255843,1.170437781569096
294,1.064733957761491,1.176402315799159
295,1.0179441189912728,1.1039803243688204
296,1.0512192316025262,1.1337086170552895
297,1.000503668344006,1.0995883667866966
298,1.0318471429571792,1.1261925468093685
299,1.0306946591968142,1.1299149822438521
300,1.0086208115301676,1.1139647880176722
301,1.0086208115301676,1.1139647880176722
302,1.0086208115301676,1.1139647880176722
303,1.017017476286445,1.127543121592166
304,1.0332494244652555,1.1278378665410556
305,1.0293994889554168,1.117128196411617
306,1.0335160957169804,1.1126989786614199
307,1.0335160957169804,1.1126989786614199
308,1.069280957616746,1.1279413249366341
309,1.0625145103858147,1.1231034478487967
310,1.06164662325386,1.1319097602317052
311,1.0677010950514922,1.1392890071808683
312,1.0655379870839394,1.1323321146818153
313,1.0655379870839394,1.1323321146818153
314,1.0655835529487763,1.1272214044234004
315,1.0698077881055623,1.1299492820389803
316,1.0698077881055623,1.1299492820389803
317,1.0720177008618876,1.131521798731921
318,1.071224790234737,1.1231704117597565
319,1.062810171041979,1.1024695969873681
320,1.0687086759587179,1.111026625680479
321,1.0737205777692351,1.11807981542705
322,1.0752446096480885,1.12110208904168
323,1.1642944444444443,1.2679685954004545
324,1.1775125169500364,1.282644659453479
325,1.2844101338174365,1.415242908595325
326,1.2736828315306423,1.4005466161998168
327,1.3290277320246058,1.4515700434914351
328,1.3103353233623862,1.44338677617321
329,1.3103353233623862,1.44338677617321
330,1.2778802904543984,1.443402417142041
331,1.2714884444727748,1.4424569544288197
332,1.2651141812346023,1.4445360602741744
333,1.259412119659109,1.4396378526645979
334,1.2494080793354854,1.4333263996379997
335,1.2683241812191344,1.4475341671855277
336,1.2677589432014267,1.454197964602062
337,1.2712856583417906,1.457035371515755
338,1.2456785272305175,1.4592802848164554
339,1.255824393860439,1.4724059570168275
340,1.2579817310319277,1.4777064028322011
341,1.2659004338236686,1.4850484572010023
342,1.2659004338236686,1.4850484572010023
343,1.287974046185888,1.4984277125793157
344,1.3221751029029998,1.525629530764495
345,1.331480855803376,1.5421701164318897
346,1.331480855803376,1.5421701164318897
347,1.344378625352529,1.562903451799548
348,1.344378625352529,1.562903451799548
349,1.344378625352529,1.562903451799548
350,1.2869269082847345,1.5073671996641127
351,1.2754053804367909,1.4989690216527791
352,1.2744127661780975,1.4969571347061599
353,1.2841687628443372,1.5007310701253505
354,1.2770393164132037,1.508353385920229
355,1.249118643245734,1.4998806700553853
356,1.2066652004091392,1.4778432704758409
357,1.2066652004091392,1.4778432704758409
358,1.2066652004091392,1.4778432704758409
359,1.2066652004091392,1.4778432704758409
360,1.2426840841527556,1.4805342560931414
361,1.2511007009467712,1.4823779046703771
362,1.2841990599092215,1.462556389037475
363,1.2964070695871726,1.4691942425141287
364,1.2964070695871726,1.4691942425141287
365,1.2601790603204892,1.4235157016634148
366,1.2172866963202589,1.3650063196055304
367,1.209483379754595,1.3556293919202356
368,1.209483379754595,1.3556293919202356
369,1.1701480305324727,1.3154274726488708
370,1.209829157529524,1.316387834851277
371,1.2025768940542143,1.2935765434766575
372,1.2314788300265904,1.3171743708334402
373,1.1918337685836529,1.2790995266659861
374,1.1066736289197343,1.2048742666127499
375,1.0922864269020127,1.1683853286647408
376,1.0922864269020127,1.1683853286647408
377,1.079204596361359,1.1240604544408184
378,1.079204596361359,1.1240604544408184
379,1.079204596361359,1.1240604544408184
380,1.1302558827766844,1.1770161783451838
381,1.1302558827766844,1.1770161783451838
382,1.1302558827766844,1.1770161783451838
383,1.1104631005163927,1.165437691843033
384,1.1540844538900032,1.1518921025627271
385,1.1921483360768406,1.1652592815230787
386,1.2428457638190118,1.1831779928702328
387,1.2428457638190118,1.1831779928702328
388,1.2428457638190118,1.1831779928702328
389,1.2428457638190118,1.1831779928702328
390,1.2450509877900362,1.186260829938184
391,1.2450509877900362,1.186260829938184
392,1.22326540045255,1.1720397472910007
393,1.22326540045255,1.1720397472910007
394,1.2244265730776267,1.2021669656925922
395,1.2510580870853922,1.2293917409913204
396,1.2895835283248445,1.2648559342132804
397,1.2732870026221847,1.2824169818412883
398,1.2732870026221847,1.2824169818412883
399,1.3112701547028824,1.3113293781621398
400,1.288637835655385,1.3180130672826518
401,1.2663422684017696,1.303594357953003
402,1.2493958181267915,1.286141945475674
403,1.2493958181267915,1.286141945475674
404,1.2743550465106244,1.3051033745703287
405,1.2583927515983149,1.3211661605556004
406,1.258392751598315,1.3211661605556004
407,1.2454658768198814,1.3413651203413504
408,1.256325202481509,1.3583901633890028
409,1.256325202481509,1.3583901633890028
410,1.238713392057273,1.333862688046109
411,1.238713392057273,1.333862688046109
412,1.238713392057273,1.333862688046109
413,1.2516474274771296,1.3429031080538905
414,1.236810354348689,1.3650136045431744
415,1.2172852430472223,1.3963657216045025
416,1.1874356988000825,1.4416340982836588
417,1.1874356988000825,1.4416340982836588
418,1.1874356988000825,1.4416340982836588
419,1.1825360931217244,1.4345518154317167
420,1.170601319478252,1.4654822238649556
421,1.163369273910659,1.458934024944828
422,1.163369273910659,1.4589340249448282
423,1.1912539200649834,1.4690208831963893
424,1.1835492097338882,1.4554254468449819
425,1.2180482305209002,1.48676908286046
426,1.2294021144732044,1.5087313278634078
427,1.2339869948870532,1.50787637363217
428,1.2339869948870532,1.50787637363217
429,1.2339869948870532,1.50787637363217
430,1.2281191722416722,1.4956684819612844
431,1.2648039099654846,1.529193057360079
432,1.2660115252734647,1.5368698307464914
433,1.2457755902951844,1.508880822468894
434,1.2740965500412509,1.5134836317062812
435,1.2854224458334866,1.4951458011631789
436,1.2854224458334866,1.4951458011631789
437,1.2934231524674689,1.4762985536244673
438,1.2771267840023155,1.4614326025176265
439,1.2732791656955158,1.4914752005603222
440,1.3393804644305196,1.5627471324722122
441,1.3542579822406955,1.6014764266452777
442,1.3542579822406955,1.6014764266452777
443,1.2510391887527916,1.4584143612932232
444,1.2510391887527916,1.4584143612932232
445,1.276846556810878,1.469700447029022
446,1.2938199058346949,1.4850972481219664
447,1.2938199058346949,1.4850972481219664
448,1.2938199058346949,1.4850972481219664
449,1.2431231004875314,1.4139353100534453
450,1.2455826201750084,1.4196619433529674
451,1.2368562600137332,1.4310778251272869
452,1.2294295020707087,1.4344396405709907
453,1.212339686813576,1.4241716869588705
454,1.2140606528119477,1.4275897406042193
455,1.1754546627112084,1.3863182188083554
456,1.1632738656276551,1.3619961406687557
457,1.1712422431527945,1.3681033152105844
458,1.1103541314588425,1.2746364397482264
459,1.0436825706143935,1.1856510054152833
460,0.997492774064981,1.1214502835893017
461,0.997492774064981,1.1214502835893017
462,0.9814429713040319,1.093628439591946
463,0.987715808766094,1.1012612441297378
464,0.9743204948320848,1.0960420973537326
465,0.9743204948320848,1.0960420973537326
466,0.9743204948320848,1.0960420973537326
467,0.9018661487018096,1.0244265917424809
468,0.9018661487018096,1.0244265917424809
469,0.8881809383002072,0.9946211653329236
470,0.8881809383002072,0.9946211653329236
471,0.8601080268920677,0.9505794216392668
472,0.8601080268920677,0.9505794216392668
473,0.88018226743724,0.9808392407961909
474,0.9019696465595941,1.0113872430684803
475,0.8363051294014325,0.9428237814955618
476,0.7575567095438066,0.8574671443096559
477,0.7525654225529803,0.8552654861460938
478,0.7525654225529803,0.8552654861460938
479,0.7625041101110267,0.8827932346432611
480,0.7937036622492836,0.9151643746023965
481,0.8423688076424927,0.9464860593415179
482,0.8277300376556918,0.9147400584918643
483,0.8277300376556918,0.9147400584918643
484,0.8277300376556918,0.9147400584918643
485,0.8691654547911095,0.9589815039110762
486,0.8893621159082069,0.992221031022218
487,0.9022648202196359,1.0068010763073585
488,0.9281656093675767,1.0561619628330627
489,0.9718968453165316,1.132137904923416
490,1.0366023977258683,1.2300164821901771
491,1.0366023977258683,1.2300164821901771
492,1.0366023977258683,1.2300164821901771
493,1.0366023977258683,1.2300164821901771
494,1.0141309641731977,1.2223307996964468
495,0.9831216701771777,1.1908156561889582
496,1.0480394755914284,1.2398543879239987
497,1.1694898319556888,1.3572825439140865
498,1.1694898319556888,1.3572825439140865
499,1.1694898319556888,1.3572825439140865
500,1.1694898319556888,1.3572825439140865
501,1.1694898319556888,1.3572825439140865
502,1.1694898319556888,1.3572825439140865
503,1.1578550881212089,1.336900560655562
504,1.146049039347507,1.3162354189040169
505,1.146049039347507,1.3162354189040169
506,1.2057895940170134,1.3026723909014801
507,1.2212395211772888,1.314356345239905
508,1.2693392818955023,1.308649222546394
509,1.2993878487122812,1.3142857910090058
510,1.28214248613508,1.2799662097117073
511,1.2589962794467056,1.2359514313996636
512,1.2589962794467056,1.2359514313996636
513,1.2589962794467056,1.2359514313996636
514,1.2589962794467056,1.2359514313996636
515,1.1720323000578574,1.152344025776067
516,1.1650096207226586,1.1185094252293901
517,1.1588043541898414,1.102084328546517
518,1.1679329295410747,1.106691321863568
519,1.163226619890457,1.0852622915217534
520,1.1843291419513737,1.133152266480345
521,1.1843291419513737,1.133152266480345
522,1.2152320468744755,1.1705624192047923
523,1.249029672172146,1.1971464395914484
524,1.2507978931429742,1.1958343578490624
525,1.278299181201757,1.210373157168957
526,1.2620732453390024,1.1832143252717355
527,1.3132300543597015,1.2408811034325724
528,1.3067572942413137,1.2539371913564576
529,1.316001679430423,1.2683552682629706
530,1.3183597194499685,1.2808094361125617
531,1.3183597194499685,1.2808094361125617
532,1.3383480345602643,1.2965718815974345
533,1.3686985324750764,1.3198830111001565
534,1.3326144429095412,1.2902793238110484
535,1.3326144429095412,1.2902793238110484
536,1.320267819916771,1.2956410293711824
537,1.2802963410045192,1.2467715131658117
538,1.2644033401044112,1.2629557471804842
539,1.2460019841126373,1.2599092068931514
540,1.2460019841126373,1.2599092068931514
541,1.2524309316041804,1.270887974079639
542,1.2524309316041804,1.270887974079639
543,1.2121492823340765,1.2202375828666623
544,1.2121492823340765,1.2202375828666623
545,1.266877129546889,1.264020343948702
546,1.2891996346457828,1.2902084776119618
547,1.2681950136719462,1.2719641365629457
548,1.2887988010252716,1.2974527745622582
549,1.29233548632758,1.3026890609608153
550,1.313491832819857,1.3145613927215702
551,1.3413446543060128,1.3288415276217476
552,1.3195937908698296,1.3093099577643372
553,1.2664566504623707,1.2736379878756097
554,1.2649309217671676,1.2749861401415277
555,1.2681264111031398,1.2808596117391058
556,1.264087380529894,1.2784873461108155
557,1.2635393655881375,1.276005503068313
558,1.2662025889235444,1.2628666152523238
559,1.2485528526354608,1.2415953233927355
560,1.2404606468684582,1.218992412563278
561,1.1772390700713233,1.181842212449773
562,1.134457085253456,1.1488196027217221
563,1.0842583126851835,1.1165602726716122
564,1.1384077775952122,1.1630416920042668
565,1.1849737725147431,1.2135624446274913
566,1.1849737725147431,1.2135624446274913
567,1.2443327569946558,1.2940893371291864
568,1.21327806213546,1.2638492168501514
569,1.21327806213546,1.2638492168501514
570,1.21327806213546,1.2638492168501514
571,1.198407754487766,1.2436113264130393
572,1.2438232834034195,1.2826553999245711
573,1.3501287905397494,1.4010555886256568
574,1.3501287905397494,1.4010555886256568
575,1.3501287905397494,1.4010555886256568
576,1.3259593956826496,1.3765260457785806
577,1.359450137369258,1.4075513938860105
578,1.332520888961742,1.3769316810896217
579,1.3041731778070969,1.344053917138304
580,1.263109853816246,1.3056675119633039
581,1.1975102237190283,1.2737595083409397
582,1.2146065340574186,1.2840474259071808
583,1.3104844616017048,1.3848388854603215
584,1.3104844616017048,1.3848388854603215
585,1.3104844616017048,1.3848388854603215
586,1.2652618024394868,1.3510584815071787
587,1.292043381889081,1.3754113812223359
588,1.3191347188733242,1.3875541247423337
589,1.337568992248062,1.4006398539165479
590,1.3460463191278706,1.4050743999231519
591,1.3962058757217217,1.439986450017466
592,1.3962058757217217,1.439986450017466
593,1.3962058757217217,1.439986450017466
594,1.3962058757217217,1.439986450017466
595,1.3835243644405695,1.4259953198830944
596,1.329874189853454,1.3786639576377995
597,1.3513764855385302,1.4265756180170983
598,1.3513764855385302,1.4265756180170983
599,1.3513764855385302,1.4265756180170983
600,1.361647551146931,1.4595963163690324
601,1.3372775342169394,1.432022703133801
602,1.331106013300215,1.438204887324651
603,1.2988962867677605,1.4191982573681663
604,1.277462207430272,1.393833107392585
605,1.277462207430272,1.393833107392585
606,1.277462207430272,1.393833107392585
607,1.2891355610199013,1.4231045884849653
608,1.2891355610199013,1.4231045884849653
609,1.3254732298883405,1.4716105905988224
610,1.32721323886524,1.4770823748887536
611,1.3351649664670964,1.4904543627932036
612,1.316818530073984,1.4684880450791968
613,1.3152498107859252,1.4658094811666451
614,1.3152498107859252,1.4658094811666451
615,1.2033240635858014,1.3220054233333778
616,1.2161723704704457,1.3318468783431496
617,1.2024162460211005,1.320919439654594
618,1.139099257821482,1.2644411344900708
619,1.1174032801154454,1.2493389790770502
620,1.098930779413854,1.2375428281489087
621,1.098930779413854,1.2375428281489087
622,1.1268654644997032,1.2687744945164212
623,1.0351238717433358,1.1492653995575297
624,1.0351238717433358,1.1492653995575297
625,0.9549604818954063,1.0398936089740256
626,0.9684274772335038,1.0515917973586117
627,0.9315438889770911,1.003025306546667
628,0.9315438889770911,1.003025306546667
629,0.9315438889770911,1.003025306546667
630,0.8999062142808294,0.9673114966824606
631,0.9244324016446942,0.9940796434264039
632,0.9244324016446942,0.9940796434264039
633,0.9244324016446942,0.9940796434264039
634,0.9293946882399146,1.000236357048516
635,0.9218554990541314,0.9955607398106184
636,0.9965393691965551,1.0670403825488868
637,0.969968986033312,1.0271782567533594
638,1.0406425309028335,1.095416606419844
639,1.0723040113443707,1.1249680923280458
640,1.0476006790894885,1.088825978977227
641,1.0147516069326832,1.0410910535647548
642,1.025679563093392,1.0528440967311825
643,0.9864389633798673,1.0005902572559895
644,0.9864389633798673,1.0005902572559895
645,1.0918912079399812,1.1286147185498485
646,1.0918912079399812,1.1286147185498485
647,1.1200496998515024,1.1786064886460192
648,1.1752100797652956,1.232714787486059
649,1.1961510841082743,1.2837922871837761
650,1.1887653864965422,1.2808189813937931
651,1.2085345292367478,1.3217163868632478
652,1.2047889817897055,1.3347937078263261
653,1.360038124802379,1.5302586339702746
654,1.218632515483822,1.3316629489908962
655,1.4258552102481616,1.6046208946890677
656,1.4414931824994606,1.6246915151537034
657,1.4414931824994606,1.6246915151537034
658,1.4414931824994606,1.6246915151537034
659,1.4414931824994606,1.6246915151537034
660,1.4419766092888586,1.596079040151913
661,1.4317394523912728,1.576372849179262
662,1.4233844716513009,1.569227142063912
663,1.4170280848815517,1.5642997366156903
664,1.4068359108061212,1.5568909763541827
665,1.4159188279143446,1.564505612864253
666,1.3706998454217563,1.5307199147702375
667,1.369257971421498,1.5343754923707194
668,1.325107874083202,1.5002635146993006
669,1.2840367454403159,1.4592734989099534
670,1.2918098641289197,1.4704752411229052
671,1.3107275528481264,1.4946635162516386
672,1.3107275528481264,1.4946635162516386
673,1.3274661484860477,1.5139885058311655
674,1.3452319830182369,1.5361113955468988
675,1.36289829968149,1.5665743153285279
676,1.387623224247364,1.589977325307519
677,1.383310029368194,1.5795842855407987
678,1.383310029368194,1.5795842855407987
679,1.3806140536978602,1.5645631564945899
680,1.3880086969480847,1.5713148458737016
681,1.3830848185455438,1.5555331387425904
682,1.3772688227254826,1.535744564070732
683,1.292414540360081,1.439411253459131
684,1.3975101186243564,1.5880574038417135
685,1.3967397460355313,1.5764815264897132
686,1.35460994711311,1.5287918839724768
687,1.35460994711311,1.5287918839724768
688,1.3720641856313514,1.5306908440720384
689,1.3851044979075537,1.5375657978559651
690,1.38588199209247,1.549857163934799
691,1.4195445594043963,1.586183269461358
692,1.4538301796132276,1.6202661461222845
693,1.456148513797254,1.6235121101365397
694,1.4688522710051075,1.6343301453085486
695,1.4946298538651017,1.6542266436304236
696,1.5247618980529178,1.6733712191340524
697,1.5389682912152298,1.6867827529494301
698,1.5389682912152298,1.6867827529494301
699,1.5389682912152298,1.6867827529494301
700,1.548797569936233,1.6905877900093131
701,1.5422271063970445,1.6744232324461594
702,1.5363574407340834,1.6666407501743645
703,1.5220390230702883,1.6464620558785685
704,1.492155473483369,1.614905290597344
705,1.461105856216756,1.5742092152809808
706,1.4208864405099488,1.5421958621670113
707,1.4186125636852025,1.5466161192191354
708,1.417479473553391,1.548961792316571
709,1.4118505132349488,1.55261611070882
710,1.407508185772071,1.5527879533465012
711,1.4082509314671383,1.5568727019094242
712,1.4082271345255704,1.561564836490144
713,1.5032773093212255,1.6723746422640111
714,1.4991679783617031,1.6650186932054245
715,1.491118009289615,1.6650280137505011
716,1.5214028361185576,1.7039265179133494
717,1.5216194845545172,1.7112586638268679
718,1.5202446442503739,1.7335519252641192
719,1.5141670006003678,1.74648231102429
720,1.5074454458642552,1.7472751457293758
721,1.4760726251547656,1.7303644038912676
722,1.4460982666893603,1.706337670423793
723,1.4507267699297908,1.708644194771434
724,1.45914597712756,1.7046580606507875
725,1.4230813886935618,1.6807402454727234
726,1.395296256411664,1.6657206518975045
727,1.3855333227980666,1.653620090953021
728,1.3273481613226414,1.5588261681857447
729,1.2734132016285122,1.4699141337318276
730,1.300896904233774,1.5012600390433555
731,1.3269460303394867,1.5319994794086709
732,1.3247518319566245,1.5337884948599727
733,1.350486572020564,1.5556876643248212
734,1.3546906316381138,1.5576178911634648
735,1.3514849496999353,1.5510207696265463
736,1.3825383865145529,1.5606554888756734
737,1.3830274081968952,1.556762323336768
738,1.3702268951347314,1.5444738851229547
739,1.3752648317370264,1.539493109784982
740,1.3921001331304679,1.53230217333429
741,1.4040726527161558,1.5246693432637637
742,1.4229656725777,1.5109539815816517
743,1.420927657627868,1.5000661156684099
744,1.4178506398374853,1.4887864790318006
745,1.4022929070006156,1.4725468491642126
746,1.3991306704307072,1.4534128247463884
747,1.3826572727170567,1.415740870598914
748,1.3722852345893317,1.3897561483225855
749,1.3728738840099475,1.373641998714325
750,1.3649293738517603,1.3630817688497765
751,1.3649293738517603,1.3630817688497765
752,1.3531370063009065,1.3714181913137329
753,1.3531370063009065,1.3714181913137329
754,1.3355517263070866,1.3595936162345348
755,1.3688209065739487,1.3966233106745631
756,1.3688209065739487,1.3966233106745631
757,1.3513835473670084,1.3740632409332587
758,1.4576490210515243,1.5025400920778056
759,1.5799698205846577,1.6500397125637876
760,1.5964023437099164,1.623260002183918
761,1.5711940896742491,1.5742384568561356
762,1.5335450215060973,1.5355728799237909
763,1.48963664717448,1.4908118269880974
764,1.48963664717448,1.4908118269880974
765,1.5027242880401521,1.4986793117607413
766,1.4743905063737235,1.4860185309399372
767,1.4743905063737235,1.4860185309399372
768,1.4736005223532411,1.4766650339214276
769,1.509226820645601,1.4855357525184334
770,1.4990682662444432,1.4815068129499585
771,1.497072302427127,1.4874130668424594
772,1.481739587592733,1.489154055679754
773,1.483743422304298,1.4844670974074403
774,1.509736908345416,1.4913156002306438
775,1.5334770455325413,1.4944681259900658
776,1.5334770455325413,1.4944681259900658
777,1.553395421133072,1.497042482459271
778,1.553395421133072,1.497042482459271
779,1.5467464309192165,1.492501563635463
780,1.547883458983798,1.4759807020739715
781,1.5427813692388586,1.4657711526944555
782,1.5608365737206233,1.4621619593421935
783,1.5473490540271997,1.4515168714617341
784,1.5473490540271997,1.4515168714617341
785,1.544912475195871,1.4327386951114809
786,1.544912475195871,1.4327386951114809
787,1.5666077622499825,1.4563642348397847
788,1.5456957064306045,1.4383565791923192
789,1.5310464654487685,1.4166999297297724
790,1.4892580375109445,1.3870254627813254
791,1.4892580375109445,1.3870254627813254
792,1.5280257883909827,1.423183711871662
793,1.5280257883909827,1.423183711871662
794,1.5280257883909827,1.423183711871662
795,1.5280257883909827,1.423183711871662
796,1.5282690503660732,1.406499470162761
797,1.5282690503660732,1.406499470162761
798,1.5525712769549904,1.4307115504482546
799,1.5135511320135622,1.417188300137684
800,1.4905964741780346,1.4021326042964104
801,1.4658645766389793,1.3870268458249235
802,1.4357469512195122,1.3771902901294355
803,1.4400209644949928,1.3803667977706564
804,1.3988759832991744,1.3584051211186505
805,1.3988759832991744,1.3584051211186505
806,1.4085234945831009,1.3685137360424993
807,1.3797294933333333,1.3589211737184113
808,1.4071603135278057,1.371199611928296
809,1.414747481174811,1.3761820312941477
810,1.4281043705599534,1.388638733252499
811,1.4252475077934978,1.397688747224028
812,1.4252475077934978,1.397688747224028
813,1.4178551277311904,1.389096451112593
814,1.425937640977859,1.375456000920886
815,1.425937640977859,1.375456000920886
816,1.425937640977859,1.375456000920886
817,1.4263866525223057,1.3775065484460887
818,1.419374234891113,1.3734109116302677
819,1.419374234891113,1.3734109116302677
820,1.419374234891113,1.3734109116302677
821,1.418723302790663,1.3685955831340515
822,1.4098514229099646,1.362684855326494
823,1.4098514229099646,1.362684855326494
824,1.4098514229099646,1.362684855326494
825,1.3819116219853933,1.3489702486328812
826,1.3648446159053773,1.343187263184345
827,1.3648446159053775,1.3431872631843451
828,1.3648446159053775,1.3431872631843451
829,1.348791569070509,1.341648711453695
830,1.3648557158518173,1.352715466204786
831,1.3608009063810844,1.343166085944057
832,1.361913843392416,1.3416477567316134
833,1.3286930967355495,1.3157422859478236
834,1.3424339133801206,1.3280707382013703
835,1.3424339133801206,1.3280707382013703
836,1.3308698495748854,1.3242809001895954
837,1.3584142658738982,1.3439440530902123
838,1.364134738122781,1.3433410114797957
839,1.363652049637479,1.342926617073819
840,1.3878414402097203,1.350336275201959
841,1.3922756260300357,1.3562017809800675
842,1.4019396503598465,1.368626178707021
843,1.4241641784852495,1.388831121656691
844,1.4237595361864095,1.4157504535993661
845,1.4289039837012998,1.4220349643742276
846,1.4289039837012998,1.4220349643742276
847,1.412813221531906,1.420789736182395
848,1.399106989307889,1.4116905954526064
849,1.399106989307889,1.4116905954526064
850,1.4016850403274834,1.4156442687317616
851,1.3999884850859432,1.424513707320437
852,1.4104292996920251,1.435980895713192
853,1.4059259876646106,1.4321016017711732
854,1.398697127257521,1.4250677793611226
855,1.4507810580322187,1.449967535998153
856,1.4549079754601228,1.452937781001528
857,1.4549079754601228,1.452937781001528
858,1.4549079754601228,1.452937781001528
859,1.315788113160725,1.3219314490035248
860,1.315788113160725,1.3219314490035248
861,1.3224479751106937,1.3379283964450641
862,1.3370385560253788,1.3498307664105635
863,1.3573860234479411,1.367713281009774
864,1.3476709581419424,1.3605665735314625
865,1.3477244359097456,1.3574808350563525
866,1.3269518552300734,1.3701440517674142
867,1.2866339882438198,1.3817593921971778
868,1.258904889106266,1.3935470477064138
869,1.2730926319228886,1.4063283033041447
870,1.2492350023042098,1.416757997306389
871,1.2331307548482349,1.4161288291484304
872,1.2090059541143847,1.4058582643786908
873,1.2054725713943755,1.4037586459073284
874,1.187259046222973,1.4096341337779212
875,1.172662440570523,1.4163710687865803
876,1.1928453636181016,1.4304085230579544
877,1.2030750710261475,1.4321480652882532
878,1.242271385568577,1.457213352983526
879,1.2586599955036617,1.4703721362371527
880,1.2533729669737799,1.4667982168676985
881,1.289974958820113,1.4914010215492466
882,1.3209824585585694,1.5045322627818822
883,1.3620855444080289,1.5312353823537619
884,1.4036671510314185,1.5599332836142652
885,1.4259147229756453,1.5822317995672475
886,1.4491608359265131,1.6090370517093868
887,1.4426040619864833,1.6037999715341784
888,1.4536496637930671,1.6134179068103174
889,1.6340233505737656,1.7885941707586464
890,1.616779888452311,1.7796584694506625
891,1.629106280193237,1.8082018515066827
892,1.6386029163295093,1.8272823518359145
893,1.6306212904404616,1.836326748048494
894,1.6306212904404616,1.836326748048494
895,1.6087034548553547,1.8272396025917648
896,1.7053899048666423,1.8385379152088273
897,1.7692902621283173,1.845183197406251
898,1.8284510351835388,1.8259299657101613
899,1.8399350605531661,1.8314574794371423
900,1.8647540983606556,1.8075385396048826
901,1.8647540983606556,1.8075385396048826
902,1.8791217648108458,1.792823814007806
903,1.8879241986154465,1.797982759631555
904,1.9049174981007848,1.78901851512927
905,1.9430804603137408,1.7925439138160437
906,1.9310150607987164,1.770716362552385
907,1.9337148202698942,1.7746739169902628
908,1.8797905992425934,1.7184382441475472
909,1.8455145304661842,1.6802245611434627
910,1.8460238525790063,1.6818727362991988
911,1.8368529588952223,1.664913135899105
912,1.8224681020733653,1.6507739763442906
913,1.7820813849368224,1.601751801372567
914,1.7444922918031134,1.5664155747736568
915,1.701325478252999,1.5358696012884978
916,1.6356741390689071,1.486923724173415
917,1.5834499389648167,1.5193024689930736
918,1.526087962605865,1.4787559859614385
919,1.526087962605865,1.4787559859614385
920,1.4890580995899598,1.4737991474505565
921,1.4484280247327057,1.441398399840603
922,1.412202326341182,1.42963673593189
923,1.3883759559460633,1.4209287156168722
924,1.3765458982277807,1.410725903158375
925,1.374056498893381,1.4053181440580482
926,1.3181669392404498,1.379850088055235
927,1.2895255497080502,1.3599951436392983
928,1.2431160289370604,1.3467864872683997
929,1.2431160289370604,1.3467864872683997
930,1.1887556664093275,1.321276053262693
931,1.1753513064150338,1.3055061572260858
932,1.1362554171575983,1.2929629036712418
933,1.1362554171575983,1.2929629036712418
934,1.1220133049256138,1.2779770725858817
935,1.109569981497893,1.2665874041981477
936,1.0979311487745447,1.255069993063852
937,1.0979311487745447,1.2550699930638523
938,1.0902122049221494,1.2610858747033127
939,1.0619559972980794,1.2486256411213312
940,1.0619559972980794,1.2486256411213312
941,1.0619559972980794,1.2486256411213312
942,1.0640325509172917,1.2505222443853825
943,1.0218575628741247,1.2334202960369751
944,1.0218575628741247,1.2334202960369751
945,1.0218575628741247,1.2334202960369751
946,1.0259692201847304,1.2316363140302065
947,0.9882288690156916,1.1776516128247478
948,1.0047517985611512,1.1848323265659155
949,1.0047517985611512,1.1848323265659155
950,0.9739899998573445,1.143983855697535
951,0.955582991791269,1.1284930672061093
952,0.9320981822182244,1.103788019367014
953,0.9035548442919442,1.0708983012860305
954,0.8808257553215424,1.057902373254057
955,0.8977660175132737,1.0704434317785656
956,0.8379350078289637,1.021457799046924
957,0.9173348918903138,1.0744751328962907
958,0.9173348918903138,1.0744751328962907
959,0.9173348918903138,1.0744751328962907
960,0.9210244517329155,1.0744169669788546
961,0.9706867329694305,1.0704661427941304
962,0.9706867329694305,1.0704661427941304
963,0.9580489146961293,1.0558577567196115
964,0.9409143062198696,1.0419632936043404
965,0.9588152250043774,1.0562323575789834
966,0.9478259326522519,1.0560683999090876
967,0.94393437486011,1.0884825279258579
968,0.94393437486011,1.0884825279258579
969,0.9632348975784847,1.1021640187347355
970,0.9632348975784847,1.1021640187347355
971,1.0041672953370784,1.1369667218123198
972,1.042896108393059,1.171570314672865
973,1.06046136482213,1.1824142632431915
974,1.0433227768719429,1.1744534719162736
975,1.0652386965581642,1.1929428173846912
976,1.0652386965581642,1.1929428173846912
977,1.0652386965581642,1.1929428173846912
978,1.0652386965581642,1.1929428173846912
979,1.0841205527017328,1.1991024896961868
980,1.1102481119272642,1.2101592485932209
981,1.1075333143702766,1.2086506612374939
982,1.1073302584964573,1.2040884841658361
983,1.112724103763161,1.208542961681063
984,1.1210372557642772,1.2133435718936905
985,1.1210372557642772,1.2133435718936905
986,1.1210372557642772,1.2133435718936905
987,1.108026473270261,1.2080631316815087
988,1.0987037167456029,1.2122990865435068
989,1.1010338806326394,1.2171315507447587
990,1.1088455984776282,1.2281239618540778
991,1.0881909968145311,1.240291114452875
992,1.0721829212728708,1.2284078193936425
993,1.078523538612912,1.2360716564647278
994,1.0874073311367378,1.2440835133117034
995,1.0874073311367378,1.2440835133117034
996,1.0896676821617017,1.2473530134843747
997,1.102677214962941,1.243539957601952
998,1.102677214962941,1.243539957601952
999,1.0632612663190069,1.197153075845579
1000,1.0308417232498244,1.1636894032628753
1001,0.9980913548434368,1.132623395480478
1002,0.9824284363266804,1.1035823927243011
1003,0.9953181018408144,1.0937177508927063
1004,1.0051051941622968,1.09760418386215
1005,0.9802548654154567,1.0708507560061153
1006,0.9681829743937594,1.0814551194421198
1007,0.9681829743937594,1.0814551194421198
1008,0.9681829743937594,1.0814551194421198
1009,0.9462895847466568,1.0684947925970993
1010,0.9215757154371997,1.0529106277454183
1011,0.922682288276266,1.06514296912784
1012,0.922682288276266,1.06514296912784
1013,0.9095568056934297,1.0549122336894086
1014,0.9095568056934297,1.0549122336894086
1015,0.9095568056934297,1.0549122336894086
1016,0.9095568056934297,1.0549122336894086
1017,0.9225441866252617,1.0636215368982262
1018,0.8994422426315877,1.0413409954240673
1019,0.9327692794811797,1.0395955540788009
1020,0.9695940789324548,1.0467363642719603
1021,0.9644300872282254,1.028983964957368
1022,0.9804191205258346,1.0387573721353487
1023,1.019270961485577,1.0612956055653489
1024,1.0444427422193827,1.0818655272430509
1025,1.0444427422193827,1.0818655272430509
1026,1.0275555141191504,1.0617039857800448
1027,0.9706479668801541,0.9961626320743686
1028,0.990879941488265,1.0200565744561012
1029,1.0216400586227214,1.0518940687692422
1030,1.0594597126743501,1.093893247233165
1031,1.0837305903533117,1.122999287383753
1032,1.0711441247009734,1.1162394003027378
1033,0.9942854871001396,1.055388330891162
1034,0.9942854871001396,1.055388330891162
1035,0.9221660097221271,0.9779992974764058
1036,0.9289933082671963,0.9645548967215342
1037,0.8997637304007199,0.9280070454904251
1038,0.8937574346932424,0.9190491611730562
1039,0.8937574346932424,0.9190491611730562
1040,0.8937574346932424,0.9190491611730562
1041,0.9415064308198854,0.9385594747757281
1042,0.9953287487091022,0.9768327151984317
1043,0.9953287487091022,0.9768327151984317
1044,0.9953287487091022,0.9768327151984317
1045,0.9932733050847459,0.9774271106564891
1046,0.9932733050847459,0.9774271106564891
1047,1.0125385348926956,0.9994525558895995
1048,1.0390342361684353,1.0260518719352838
1049,1.0188354971301257,1.013493424595462
1050,1.0208393069266375,1.0224277097890622
1051,1.0208393069266375,1.0224277097890622
1052,1.0208393069266375,1.0224277097890622
1053,1.0048789576711024,1.0231257507687113
1054,0.9848106889167971,1.0180025961483516
1055,0.9871159838907637,1.0379557961146852
1056,1.0163366756671774,1.0736954161864292
1057,1.0601865185934778,1.1275861613857687
1058,1.0508916762515343,1.1271025148924882
1059,1.0556312437567021,1.1339170694031087
1060,1.0508109342787533,1.1311902682637267
1061,1.0384276129256784,1.1167250093202405
1062,1.0467190922894443,1.1284246746384083
1063,1.1408802565663287,1.225373762067584
1064,1.1429259852354632,1.2319355933619667
1065,1.3012659073750978,1.4060074406932808
1066,1.2884436516967193,1.4027669059305719
1067,1.358221994433444,1.5077976413636516
1068,1.356560729282113,1.5360682570141495
1069,1.3437880716428763,1.533413779978273
1070,1.3370083906871186,1.5315665598427577
1071,1.2816084825980427,1.5124349739893208
1072,1.2092542689861978,1.4771032862279314
1073,1.2088037795328055,1.4746897308662232
1074,1.2088037795328055,1.4746897308662232
1075,1.2127961728885084,1.4753833996067638
1076,1.2525986976630243,1.492678904796186
1077,1.2305342960288808,1.4772361036896087
1078,1.2034149656096431,1.4533558522518364
1079,1.247875411547805,1.4249685508147414
1080,1.258605720122574,1.3723840658337727
1081,1.258605720122574,1.3723840658337727
1082,1.2869439705966503,1.3563612651173618
1083,1.292579319341164,1.354207311710252
1084,1.3403514521295221,1.367875123514679
1085,1.395797855931949,1.3884100139904225
1086,1.428945111492281,1.4084960617000326
1087,1.44120712451223,1.404956967773451
1088,1.462617874251961,1.4194805162584438
1089,1.4727370741798123,1.4219294536169387
1090,1.4896685822028435,1.4316499376635128
1091,1.4896685822028435,1.4316499376635128
1092,1.4907382337597155,1.4384005235990902
1093,1.497624461084853,1.4418726258506356
1094,1.5064803616448537,1.4413772289132392
1095,1.5064803616448537,1.4413772289132392
1096,1.5270965062075967,1.4458190090605105
1097,1.5478093614383135,1.441807426012923
1098,1.570499606040501,1.435192264226295
1099,1.6059466369196935,1.4351819005511677
1100,1.6248830290435625,1.4329032728552513
1101,1.6248830290435625,1.4329032728552513
1102,1.64954512933601,1.4397005842779584
1103,1.6810436747386281,1.439990942980979
1104,1.6627414453185905,1.4238306580261908
1105,1.6627414453185905,1.4238306580261908
1106,1.6438458154744378,1.4096473514395342
1107,1.6451576050771257,1.4088411688552949
1108,1.648714726379527,1.4086325276408582
1109,1.6459912459885508,1.443229232906295
1110,1.6547565577110823,1.5076452033279164
1111,1.6471611944607674,1.5019978938582705
1112,1.6676316195892555,1.5474455475757225
1113,1.680467729193763,1.5349147298875212
1114,1.6626886435657093,1.5356566017628774
1115,1.6178590411966516,1.5045355797917899
1116,1.5822428183844746,1.4668707110299442
1117,1.5822428183844746,1.4668707110299442
1118,1.5823912409673206,1.4370365535359626
1119,1.5823912409673206,1.4370365535359626
1120,1.5851069310345578,1.4222102383903694
1121,1.5851069310345578,1.4222102383903694
1122,1.5904691208183876,1.4055414022058283
1123,1.5904691208183876,1.4055414022058283
1124,1.582246248258824,1.4136433053312503
1125,1.5253127648352167,1.414529723685733
1126,1.5048048085418821,1.4252509626603558
1127,1.506199628382302,1.448293792005608
1128,1.522303180440479,1.4536735338125737
1129,1.4984504037262325,1.4503644806788931
1130,1.4984504037262325,1.4503644806788931
1131,1.4918809633799284,1.4442221692945836
1132,1.477474895207421,1.4397839500216083
1133,1.4646424526126922,1.4460772079467328
1134,1.4764888350410414,1.4731259583706267
1135,1.4764888350410414,1.4731259583706267
1136,1.452197461243686,1.4638953419753853
1137,1.4206269327093795,1.4356967716168547
1138,1.4206269327093795,1.4356967716168547
1139,1.4021876236411255,1.427698566924329
1140,1.3619418111513037,1.4138757946598737
1141,1.3691723660606103,1.4200351587461983
1142,1.2887185844989504,1.4084641331044472
1143,1.2414842908562014,1.4132547000183147
1144,1.2201259063705756,1.397690828527467
1145,1.2149199672203184,1.3908973870641492
1146,1.2185273382648851,1.3917679167413777
1147,1.2185273382648851,1.3917679167413777
1148,1.1932648364435634,1.391264324870228
1149,1.1932648364435634,1.391264324870228
1150,1.1932648364435634,1.391264324870228
1151,1.1760488970500884,1.3776746950289331
1152,1.1387134265579455,1.3682538740099772
1153,1.1387134265579455,1.3682538740099772
1154,1.120761304712521,1.359427112783263
1155,1.1332263015936852,1.3528176364854592
1156,1.1080642734128112,1.330115238614414
1157,1.0636169386169387,1.2832818154569057
1158,1.0615314078838451,1.279671573307326
1159,1.0561104415399074,1.2695228498719453
1160,1.0561104415399074,1.2695228498719453
1161,1.0516746157117687,1.2682914036695054
1162,1.0136991073522716,1.240842969951493
1163,0.9895937433202148,1.2127437951107503
1164,0.9827842283960848,1.168164902484235
1165,1.005205271660713,1.160936160171374
1166,1.0270240402251363,1.16217601544989
1167,1.0190303378570484,1.163299042814814
1168,1.0536543859584917,1.1779214630052848
1169,1.0418708957339256,1.1644110382979842
1170,1.0660974985291876,1.1854169452668943
1171,1.0634606131427,1.1846278606841845
1172,1.0728386597756918,1.1681510005253397
1173,1.0790871239721036,1.1968085122573453
1174,1.0895060571531379,1.1965247700909092
1175,1.0891949619416337,1.1921322238886793
1176,1.06005005507092,1.1871286581802012
1177,1.0307997851056316,1.1585309979074627
1178,1.0307997851056316,1.1585309979074627
1179,1.0307997851056316,1.1585309979074627
1180,1.010368322122377,1.143172666088281
1181,1.02432184161832,1.1526210974452997
1182,1.0164470173847844,1.1448130916455348
1183,0.995856524218071,1.1297049649905648
1184,1.0044719220314262,1.1562636593760016
1185,0.9843153718222161,1.1357926116985508
1186,0.9910022512742745,1.1620588073144453
1187,0.9910022512742745,1.1620588073144453
1188,0.9879235149814777,1.1569957262847415
1189,0.9873269392471886,1.1567690240880208
1190,0.9873269392471886,1.1567690240880208
1191,0.9925096359484311,1.1605801389911108
1192,1.0194001537309314,1.1897762180042075
1193,1.0194001537309314,1.1897762180042075
1194,1.0050270140751447,1.1969186467031439
1195,0.9626595764099893,1.1795359242263004
1196,0.93459073959231,1.173043618044767
1197,0.9404791969241143,1.1777946919842543
1198,0.9007901718970442,1.1649690674363689
1199,0.9043159527224801,1.1670845398827374
1200,0.8708267580818141,1.1455435272962242
1201,0.8949060619954221,1.1681757394702896
1202,0.9049361649455369,1.1749317798245045
1203,0.8799729003265189,1.1426696969398094
1204,0.8799729003265189,1.1426696969398094
1205,0.8799729003265189,1.1426696969398094
1206,0.8646158401289926,1.1290397170638176
1207,0.9292697575483411,1.1961990242071525
1208,0.9548473574617014,1.2122286628731607
1209,0.9742156948236194,1.2191418315781473
1210,0.9903985784268213,1.2331340084506819
1211,0.9903985784268213,1.2331340084506819
1212,0.9903985784268213,1.2331340084506819
1213,0.9869247887334858,1.2471036296714355
1214,0.9778071462554951,1.234390281535569
1215,0.9972443933766952,1.2568447226026913
1216,0.9003769844704905,1.1175839980969757
1217,0.9003769844704905,1.1175839980969757
1218,0.924642624308362,1.119077461174112
1219,0.9191200395447763,1.1103777412702072
1220,0.9191200395447763,1.1103777412702072
1221,0.9314668127471528,1.1170584009291513
1222,0.9112382174102003,1.0946353150511325
1223,0.9112382174102003,1.0946353150511325
1224,0.9232033568898144,1.0836835170488546
1225,0.9305992956675151,1.0747023529776
1226,0.931950014455259,1.0708255772743789
1227,0.931950014455259,1.0708255772743789
1228,0.931950014455259,1.0708255772743789
1229,0.931950014455259,1.0708255772743789
1230,0.9319500144552592,1.0708255772743789
1231,0.919391643281562,1.0488192331775805
1232,0.919391643281562,1.0488192331775805
1233,0.919391643281562,1.0488192331775805
1234,0.919391643281562,1.0488192331775805
1235,0.919391643281562,1.0488192331775805
1236,0.9270752777788908,1.0538091134820402
1237,0.9066350502963537,1.008904739184024
1238,0.8697731468082943,0.9467403402064049
1239,0.8103019719855812,0.8606872390261113
